question_id,action,reason,duplicate_of,operations
train-b07b718962ca-0,kept,,,unicode_normalized;whitespace_normalized
train-4ac14dd331b2-0,kept,,,whitespace_normalized
train-75956b5bfc06-0,kept,,,whitespace_normalized
train-fba67a692d1f-0,kept,,,html_removed
train-a42fa5c3ee92-0,kept,,,
train-dcd0162e0bd9-0,kept,,,
train-677712aa8d6d-0,kept,,,html_removed
train-6594ebce910d-0,kept,,,whitespace_normalized
train-8f2038c0902b-0,kept_flagged,same_question_different_answer,,html_removed
train-3ce01744038b-0,kept,,,
train-a996d6a7d527-0,kept,,,whitespace_normalized
train-6d3477141d9e-0,kept,,,html_removed
train-6a3529dbb54c-0,kept,,,
train-76c474b9711a-0,removed,too_short_answer,,
train-a484b76e0295-0,kept,,,
train-ac0cfe4c43ec-0,kept,,,html_removed
train-0f4c1aba51f3-0,kept,,,boilerplate_removed
train-0c910e332345-0,kept_flagged,semantic_near_duplicate_question,,boilerplate_removed
train-556276eb538c-0,kept,,,html_removed;whitespace_normalized
train-9828afb6d731-0,kept,,,
train-441693900313-0,kept,,,unicode_normalized
train-1dee80d9f67c-0,kept,,,
train-973e7f387d80-0,kept_flagged,semantic_near_duplicate_question,,
train-fa29bcafc8a8-0,kept,,,
train-9d741c1f1fb3-0,kept,,,
train-9d741c1f1fb3-1,removed,exact_duplicate_qa_pair,train-9d741c1f1fb3-0,
train-92b6cd3741da-0,kept,,,html_removed
train-d08273f00f7c-0,kept,,,html_removed
train-f0541b529a40-0,kept,,,html_removed
train-74eefe470c13-0,kept,,,html_removed
train-b0e59a8fbac7-0,kept,,,whitespace_normalized
train-ec57ccbc82c4-0,kept,,,boilerplate_removed;html_removed
train-4503b4a1fe80-0,kept,,,boilerplate_removed;html_removed
train-fc30a7ca22a9-0,kept,,,whitespace_normalized
train-42e08026ebff-0,kept,,,boilerplate_removed
train-6be13f3dd95d-0,kept,,,
train-60340e5c766c-0,kept,,,
train-df2ceb6ba18f-0,kept,,,
train-6be13f3dd95d-1,removed,exact_duplicate_qa_pair,train-6be13f3dd95d-0,
train-34621c4d86ec-0,kept,,,whitespace_normalized
train-d6f36794e906-0,kept,,,
train-5da4d101c17d-0,kept,,,
train-ae0bc2f1823d-0,kept,,,boilerplate_removed
train-029134cc76e5-0,kept,,,
train-5dede996375d-0,removed,null_answer,,
train-e0e175c32157-0,kept,,,
train-8ed317931be5-0,kept,,,
train-7ec0bcfd85d5-0,kept_flagged,semantic_near_duplicate_question,,boilerplate_removed
train-2bb7ae14f13d-0,kept,,,
train-4614f3fa8d60-0,kept,,,
train-ea477cc932c2-0,kept,,,
train-89c392bf0d25-0,kept,,,unicode_normalized
train-2c83312c3523-0,kept,,,whitespace_normalized
train-3ce01744038b-1,removed,exact_duplicate_qa_pair,train-3ce01744038b-0,
train-14f3fc0b6381-0,kept,,,html_removed;whitespace_normalized
train-92a3e75ec73b-0,kept,,,unicode_normalized
train-1e285e71d7b1-0,kept,,,html_removed
train-32589b76ae4e-0,kept,,,unicode_normalized
train-9f4a3ff528d7-0,kept,,,
train-fcf0d2bdc35e-0,kept,,,unicode_normalized
train-904851e7223c-0,kept,,,html_removed
train-81a187d0c232-0,kept,,,whitespace_normalized
train-38391a8bcaa1-0,kept,,,boilerplate_removed
train-4503b4a1fe80-1,removed,exact_duplicate_qa_pair,train-4503b4a1fe80-0,boilerplate_removed;html_removed
train-fd48364bd077-0,kept,,,boilerplate_removed;whitespace_normalized
train-410beb6bc904-0,kept,,,
train-75956b5bfc06-1,removed,exact_duplicate_qa_pair,train-75956b5bfc06-0,whitespace_normalized
train-71c378853993-0,kept,,,html_removed
train-300cd814c76d-0,removed,normalized_duplicate_qa_pair,train-ae0bc2f1823d-0,boilerplate_removed;html_removed
train-59807a9887da-0,kept,,,
train-d8e8d8f9152c-0,kept,,,whitespace_normalized
train-59807a9887da-1,removed,exact_duplicate_qa_pair,train-59807a9887da-0,
train-13bbeaaf11f3-0,kept,,,
train-e29341ac457e-0,kept,,,unicode_normalized
train-1c6d862bbe66-0,kept,,,whitespace_normalized
train-6f4ff4b18ae9-0,kept,,,boilerplate_removed;whitespace_normalized
train-214cf4ac0279-0,kept,,,
train-6c99ae2aaaee-0,kept_flagged,same_question_different_answer,,unicode_normalized
train-21284e79e4cb-0,kept,,,
train-0214d8979d8a-0,kept,,,boilerplate_removed;html_removed
train-90171b5dba2e-0,kept,,,unicode_normalized
train-f7657d24495d-0,kept,,,
train-472369a64650-0,kept,,,boilerplate_removed;html_removed
train-2dc715ad70b3-0,kept,,,
train-084f63f75ea1-0,kept,,,
train-27012a208851-0,kept,,,
train-e10cbbf12c5f-0,kept,,,
train-9913128a4ff7-0,kept_flagged,same_question_different_answer,,
train-4e4c322bde70-0,kept,,,whitespace_normalized
train-2df56321fd59-0,removed,empty_answer,,html_removed
train-3dee0a89b2a3-0,kept,,,
train-250a5a4d8e20-0,kept,,,unicode_normalized
train-e29341ac457e-1,removed,exact_duplicate_qa_pair,train-e29341ac457e-0,unicode_normalized
train-dc0dad7267af-0,kept,,,html_removed;whitespace_normalized
train-d87936f4dc2f-0,kept,,,html_removed;whitespace_normalized
train-f56a8fb9b6cc-0,kept,,,
train-32b871b3d7e3-0,kept,,,unicode_normalized
train-8d56551402b2-0,kept,,,whitespace_normalized
train-68a297854ac3-0,kept,,,boilerplate_removed;html_removed
train-5de243b962f5-0,kept,,,
train-0489a4d04ebf-0,kept,,,boilerplate_removed;whitespace_normalized
train-084f63f75ea1-1,removed,exact_duplicate_qa_pair,train-084f63f75ea1-0,
train-a8792e0712a7-0,removed,null_question,,
train-23b2e74ab6ed-0,kept_flagged,semantic_near_duplicate_question,,boilerplate_removed;whitespace_normalized
train-00c1ab1aa53d-0,kept,,,
train-6ba50c53c6bf-0,removed,null_answer,,
train-6d6891881250-0,kept,,,boilerplate_removed
train-54fc3774e84a-0,kept,,,boilerplate_removed;html_removed
train-ae9c55fa15aa-0,kept,,,html_removed
train-043b90050997-0,removed,empty_answer,,html_removed
train-ce15a2663105-0,removed,empty_answer,,html_removed
train-cd5504f74bfd-0,kept,,,whitespace_normalized
train-7e707a3c6109-0,kept,,,boilerplate_removed
train-0c59288ecb00-0,kept,,,
train-761e90a1ae95-0,kept,,,boilerplate_removed;unicode_normalized
train-7e38c29c5379-0,kept,,,
train-5f57f835be5b-0,removed,empty_answer,,html_removed
train-d6c64ddaeba1-0,kept,,,unicode_normalized
train-066b1cf005a6-0,kept,,,
train-d58534dda732-0,kept,,,html_removed
train-3c4ffc61430d-0,kept_flagged,semantic_near_duplicate_question,,boilerplate_removed;html_removed
train-0eace801c600-0,kept,,,unicode_normalized
train-7ada1b432f1b-0,kept,,,
train-a04a6e580e1b-0,kept,,,
train-58c5b2fff92a-0,kept,,,
train-7b16614e47f5-0,kept,,,
train-3f8cf0a510c5-0,kept,,,html_removed;whitespace_normalized
train-52194ceac955-0,kept,,,unicode_normalized
train-6cb3550fcc75-0,removed,normalized_duplicate_qa_pair,train-58c5b2fff92a-0,html_removed
train-3bffbf8779cf-0,kept,,,
train-43b586182d60-0,kept,,,
train-3be036598733-0,kept,,,
train-73286daf8324-0,kept,,,
train-5c03528be5d9-0,removed,empty_answer,,html_removed
train-09b67c7a5057-0,kept,,,
train-a62b838d8e2e-0,kept,,,
train-4b83504312b6-0,kept,,,
train-a8b4d48cce35-0,removed,too_short_answer,,
train-71b15069567e-0,kept,,,whitespace_normalized
train-a0316cedf2cb-0,kept,,,
train-6f2fb93a9442-0,kept,,,
train-03f231943812-0,kept,,,
train-9543de4f09ac-0,kept,,,
train-3e1f523b7431-0,kept_flagged,semantic_near_duplicate_question,,html_removed
train-60e88c18b74e-0,kept,,,whitespace_normalized
train-b9ab14eb5d7a-0,kept,,,
train-0e8fe1f6c7fa-0,kept,,,boilerplate_removed
train-0c59288ecb00-1,removed,exact_duplicate_qa_pair,train-0c59288ecb00-0,
train-0712a42c40fc-0,kept,,,
train-739eb12783ba-0,kept,,,boilerplate_removed
train-e0bfe0a287a8-0,kept,,,html_removed
train-26962899519d-0,kept,,,
train-7bc0cc538ae6-0,kept,,,
train-7f439428b4b8-0,kept,,,
train-d8e8d8f9152c-1,removed,exact_duplicate_qa_pair,train-d8e8d8f9152c-0,whitespace_normalized
train-f72140bd38a1-0,kept,,,
train-bf2636751900-0,kept,,,boilerplate_removed
train-a42257be2d5e-0,kept,,,boilerplate_removed;whitespace_normalized
train-dc4437c3e1e7-0,kept,,,
train-7ec0bcfd85d5-1,removed,exact_duplicate_qa_pair,train-7ec0bcfd85d5-0,boilerplate_removed
train-141945a97d8d-0,kept_flagged,same_question_different_answer,,
train-5467c105387e-0,kept,,,
train-2f85b86121ca-0,removed,empty_answer,,html_removed
train-d57ddd22b6a7-0,kept,,,html_removed
train-b2c67cd1d3d8-0,kept,,,whitespace_normalized
train-8618aa8b0337-0,kept,,,
train-8a626e7da82c-0,removed,null_answer,,
train-f0b302205e2e-0,kept,,,html_removed
train-9ae1ec3934d4-0,kept,,,whitespace_normalized
train-39dce6a7f36c-0,kept,,,whitespace_normalized
train-e62303056a99-0,kept,,,
train-adcc075776bf-0,kept_flagged,same_question_different_answer,,
train-6f726e3c76e9-0,kept,,,
train-b474dfbeac8c-0,kept,,,boilerplate_removed
train-de4b2e997902-0,kept_flagged,same_question_different_answer,,
train-6fec4eca472b-0,kept,,,
train-2344df08d1a8-0,kept,,,boilerplate_removed;html_removed;whitespace_normalized
train-c58b194ade17-0,kept,,,html_removed;whitespace_normalized
train-f1deb622aaa2-0,kept,,,
train-f06d9c815ada-0,kept,,,whitespace_normalized
train-2de74fd4d2e3-0,kept,,,
train-84805ae35dcd-0,kept,,,
train-bd9a65e55ada-0,removed,too_short_answer,,
train-228e1344fde0-0,kept,,,whitespace_normalized
train-b7b8406b80ff-0,kept,,,
train-8b22c296aabb-0,kept,,,
train-8e22588e07f9-0,kept,,,whitespace_normalized
train-3005f748c0d6-0,kept,,,
train-0ac90aff4cd7-0,kept_flagged,semantic_near_duplicate_question,,
train-3e8aefcd52c3-0,removed,normalized_duplicate_qa_pair,train-677712aa8d6d-0,
train-140f30cd6a98-0,kept,,,whitespace_normalized
train-47e3f1e25492-0,kept,,,unicode_normalized
train-01e95037092a-0,kept_flagged,semantic_near_duplicate_question,,
train-e72e75f4b528-0,kept,,,
train-6fe0c4fc0082-0,kept,,,
train-9805a9cd863a-0,kept,,,html_removed
train-d81141efbc30-0,removed,too_short_answer,,
train-5d867c8d47cc-0,removed,empty_answer,,html_removed
train-ad0c9a0bc2ee-0,removed,normalized_duplicate_qa_pair,train-27012a208851-0,whitespace_normalized
train-01e95037092a-1,removed,exact_duplicate_qa_pair,train-01e95037092a-0,
train-93243484da2c-0,kept,,,
train-86c245044dce-0,kept,,,html_removed;whitespace_normalized
train-daee682a8b1a-0,kept_flagged,semantic_near_duplicate_question,,
train-3f856064b318-0,kept,,,
train-febd740ea33b-0,kept_flagged,semantic_near_duplicate_question,,html_removed;whitespace_normalized
train-afa40f84a86c-0,removed,too_short_answer,,
train-36272eace089-0,kept,,,
train-1fc178ad3390-0,removed,malformed_question,,
train-c41a58b35605-0,removed,normalized_duplicate_qa_pair,train-fc30a7ca22a9-0,
train-423fa3ad59af-0,kept,,,
train-d57ddd22b6a7-1,removed,exact_duplicate_qa_pair,train-d57ddd22b6a7-0,html_removed
train-b743d08c7a46-0,kept,,,
train-0003466ad32b-0,kept,,,
train-48cfcccabeb9-0,removed,too_short_answer,,
train-26f1e4c3bb97-0,kept,,,boilerplate_removed
train-6be13f3dd95d-2,removed,exact_duplicate_qa_pair,train-6be13f3dd95d-0,
train-29594298d2b7-0,kept,,,html_removed
train-a2bf68ab1a06-0,kept,,,whitespace_normalized
train-9321bfe894f8-0,kept,,,
train-86ac6080eb57-0,kept,,,
train-3cd651cf48f7-0,kept_flagged,semantic_near_duplicate_question,,
train-d6e5c6075067-0,kept,,,boilerplate_removed
train-12fb3cc0f54b-0,kept,,,
train-b2b7b0354a08-0,kept,,,
train-c306191add90-0,kept,,,boilerplate_removed;html_removed
train-3bffbf8779cf-1,removed,exact_duplicate_qa_pair,train-3bffbf8779cf-0,
train-a096b683d4aa-0,kept,,,
train-7ec0bcfd85d5-2,removed,exact_duplicate_qa_pair,train-7ec0bcfd85d5-0,boilerplate_removed
train-9d6defe9ee86-0,kept,,,
train-4612f9e05c81-0,removed,empty_answer,,html_removed
train-fa29bcafc8a8-1,removed,exact_duplicate_qa_pair,train-fa29bcafc8a8-0,
train-3c603b8fedd2-0,kept,,,html_removed
train-e0e175c32157-1,removed,exact_duplicate_qa_pair,train-e0e175c32157-0,
train-0722f821d807-0,kept,,,boilerplate_removed
train-00c1ab1aa53d-1,removed,exact_duplicate_qa_pair,train-00c1ab1aa53d-0,
train-941409a163f5-0,kept,,,whitespace_normalized
train-c653730672e3-0,kept,,,
train-f499c684d20c-0,kept,,,whitespace_normalized
train-204ccb6fdf8a-0,kept,,,whitespace_normalized
train-d7b44599879c-0,kept,,,
train-bffebcd3bef0-0,kept,,,
train-8fac83933a98-0,kept,,,html_removed
train-9c067620c142-0,kept,,,whitespace_normalized
train-45fc2b85d0f1-0,removed,too_short_answer,,
train-5282407d9021-0,removed,null_question,,
train-6594ebce910d-1,removed,exact_duplicate_qa_pair,train-6594ebce910d-0,whitespace_normalized
train-f775721d74de-0,kept,,,
train-56754667c118-0,kept,,,
train-4ae30337a5c1-0,kept,,,boilerplate_removed
train-fd5cf18589e4-0,kept,,,boilerplate_removed
train-bb14726a30df-0,kept,,,
train-3e8aefcd52c3-1,removed,exact_duplicate_qa_pair,train-3e8aefcd52c3-0,
train-c583aca9739e-0,removed,null_question,,
train-58114a8ac94a-0,kept,,,whitespace_normalized
train-7f439428b4b8-1,removed,exact_duplicate_qa_pair,train-7f439428b4b8-0,
train-6be8073a42e2-0,removed,malformed_question,,
train-3a511b1b53d7-0,removed,normalized_duplicate_qa_pair,train-0489a4d04ebf-0,boilerplate_removed
train-bd071796d679-0,kept,,,
train-e416d84d0e2e-0,removed,normalized_duplicate_qa_pair,train-973e7f387d80-0,html_removed
train-cc9573230464-0,kept,,,whitespace_normalized
train-5952e6150972-0,kept,,,boilerplate_removed;html_removed;whitespace_normalized
train-1955c49855e0-0,kept,,,
train-dec49c8b35c5-0,kept,,,
train-fd330e6a07e5-0,kept,,,boilerplate_removed
train-a6b22032b3e9-0,kept,,,html_removed;unicode_normalized
train-3ba3852e85f9-0,kept,,,
train-ed2959907c86-0,removed,normalized_duplicate_qa_pair,train-a996d6a7d527-0,whitespace_normalized
train-0712a42c40fc-1,removed,exact_duplicate_qa_pair,train-0712a42c40fc-0,
train-083e48c586d8-0,kept,,,whitespace_normalized
train-9167fd5365bf-0,removed,too_short_answer,,
train-8b3e1413bf4e-0,kept,,,
train-b388c5a5c61a-0,kept,,,
train-26f1e4c3bb97-1,removed,exact_duplicate_qa_pair,train-26f1e4c3bb97-0,boilerplate_removed
train-d86d7c152b40-0,kept,,,boilerplate_removed;unicode_normalized;whitespace_normalized
train-0636a8a99501-0,kept,,,
train-fec2ba376ac9-0,kept,,,boilerplate_removed
train-d4b3b9b4c820-0,kept,,,
train-fa5d7100f1f7-0,kept,,,
train-63114c2efb72-0,kept,,,whitespace_normalized
train-825518900464-0,kept_flagged,same_question_different_answer,,
train-58114a8ac94a-1,removed,exact_duplicate_qa_pair,train-58114a8ac94a-0,whitespace_normalized
train-80c96a8478e5-0,kept,,,boilerplate_removed;html_removed
train-e3fdf3397022-0,kept,,,html_removed
train-92dc7fdf2265-0,kept,,,unicode_normalized;whitespace_normalized
train-6ee6802af058-0,kept,,,
train-06f61c745b95-0,removed,malformed_question,,
train-f3a1ddf49ae3-0,removed,normalized_duplicate_qa_pair,train-34621c4d86ec-0,
train-0760e3ee705e-0,kept,,,boilerplate_removed;html_removed
train-c62f219320ac-0,kept,,,
train-0c910e332345-1,removed,exact_duplicate_qa_pair,train-0c910e332345-0,boilerplate_removed
train-7a7914b9ff9b-0,kept,,,
train-de02115043f0-0,kept,,,whitespace_normalized
train-75bb53785edd-0,kept,,,
train-0f1f11009452-0,kept,,,html_removed
train-a2d482797150-0,removed,empty_answer,,html_removed
train-899fa2502750-0,kept,,,html_removed
train-a52f3b770890-0,kept,,,
train-f1a904524551-0,kept,,,whitespace_normalized
train-e10cbbf12c5f-1,removed,exact_duplicate_qa_pair,train-e10cbbf12c5f-0,
train-d6a032f587b0-0,kept,,,
train-077194510ba8-0,kept,,,boilerplate_removed
train-9d2c14e389a3-0,kept,,,
train-32b871b3d7e3-1,removed,exact_duplicate_qa_pair,train-32b871b3d7e3-0,unicode_normalized
train-b31ac99a0303-0,kept,,,boilerplate_removed;whitespace_normalized
train-b05323ace05f-0,kept,,,html_removed
train-4f0fe4a9cfc1-0,kept,,,whitespace_normalized
train-3382ae516385-0,kept,,,
train-eb7ad6c8de65-0,kept,,,
train-3f856064b318-1,removed,exact_duplicate_qa_pair,train-3f856064b318-0,
train-cf88bf1108d6-0,removed,empty_answer,,html_removed
train-47916d0b08a8-0,kept,,,
train-80aea4665968-0,kept,,,html_removed
train-0f558dbacd4d-0,kept,,,
train-90171b5dba2e-1,removed,exact_duplicate_qa_pair,train-90171b5dba2e-0,unicode_normalized
train-435cc5dc00f7-0,removed,normalized_duplicate_qa_pair,train-4ac14dd331b2-0,
train-9c5a5f2ffc0a-0,kept,,,
train-4d1c0d83f050-0,kept,,,whitespace_normalized
train-0461a0224ec0-0,kept,,,unicode_normalized
train-71d020f82e1d-0,kept,,,
train-4e1b585ce4cb-0,kept_flagged,semantic_near_duplicate_question,,
train-e69409312b5e-0,kept_flagged,semantic_near_duplicate_question,,html_removed;whitespace_normalized
train-3ad89a5e494c-0,kept,,,
train-8bbf9824385e-0,kept,,,unicode_normalized
train-01e95037092a-2,removed,exact_duplicate_qa_pair,train-01e95037092a-0,
train-1e2cf8f7b8db-0,kept,,,boilerplate_removed
train-47916d0b08a8-1,removed,exact_duplicate_qa_pair,train-47916d0b08a8-0,
train-e0617a1aa364-0,kept,,,unicode_normalized
train-e4747a7f155b-0,kept,,,whitespace_normalized
train-32b871b3d7e3-2,removed,exact_duplicate_qa_pair,train-32b871b3d7e3-0,unicode_normalized
train-fb4dba831fc2-0,kept,,,unicode_normalized
train-8daba608e1d1-0,kept,,,boilerplate_removed;whitespace_normalized
train-b74d1903b62a-0,kept,,,whitespace_normalized
train-4a4007a967b8-0,kept,,,whitespace_normalized
train-ab01caad9df0-0,kept,,,
train-fed7baf38671-0,removed,null_answer,,
train-034bb296efeb-0,removed,null_answer,,
train-8b22c296aabb-1,removed,exact_duplicate_qa_pair,train-8b22c296aabb-0,
train-17e101a38160-0,kept,,,
train-8528c71b00df-0,kept,,,
train-3922fddf3524-0,kept,,,boilerplate_removed;html_removed
train-8781845189aa-0,kept,,,html_removed
train-44f903e1d7c3-0,removed,normalized_duplicate_qa_pair,train-e69409312b5e-0,whitespace_normalized
train-26f1e4c3bb97-2,removed,exact_duplicate_qa_pair,train-26f1e4c3bb97-0,boilerplate_removed
train-06b2a94d512f-0,kept,,,whitespace_normalized
train-c89e1ce53ee2-0,kept,,,
train-e24638571185-0,kept,,,
train-066042361a69-0,kept,,,
train-e441b6d31e78-0,kept,,,boilerplate_removed;html_removed;whitespace_normalized
train-dcd0162e0bd9-1,removed,exact_duplicate_qa_pair,train-dcd0162e0bd9-0,
train-ba0dd14bced7-0,kept,,,
train-5f6241626f92-0,kept,,,boilerplate_removed
train-72282263d78c-0,kept,,,
train-627989312e81-0,removed,empty_answer,,html_removed
train-f3e832b3a821-0,kept,,,html_removed
train-334085d67df8-0,kept,,,
train-82e7d6f16dee-0,kept,,,
train-9d1d10efd342-0,kept,,,
train-aa7da9585a41-0,kept,,,whitespace_normalized
train-d0005867d8b3-0,kept,,,unicode_normalized
train-9f4a3ff528d7-1,removed,exact_duplicate_qa_pair,train-9f4a3ff528d7-0,
train-972a529880fc-0,kept,,,boilerplate_removed
train-5a9736c72234-0,kept,,,
train-695bfdded1a6-0,kept,,,html_removed
train-155e3df2c4e1-0,kept,,,
train-c07f65759e63-0,kept_flagged,semantic_near_duplicate_question,,
train-063f141a0b8e-0,kept,,,boilerplate_removed;html_removed;whitespace_normalized
train-2640e5a9b899-0,removed,null_question,,
train-07915fcbf997-0,kept,,,
train-8ac6d422ea0c-0,kept,,,whitespace_normalized
train-4503b4a1fe80-2,removed,exact_duplicate_qa_pair,train-4503b4a1fe80-0,boilerplate_removed;html_removed
train-249c5ff7f152-0,kept,,,boilerplate_removed
train-a6b22032b3e9-1,removed,exact_duplicate_qa_pair,train-a6b22032b3e9-0,html_removed;unicode_normalized
train-536d7c6dbc6c-0,kept,,,boilerplate_removed;html_removed;whitespace_normalized
train-775fbe920b0f-0,kept,,,
train-0712a42c40fc-2,removed,exact_duplicate_qa_pair,train-0712a42c40fc-0,
train-695bfdded1a6-1,removed,exact_duplicate_qa_pair,train-695bfdded1a6-0,html_removed
train-f74541e278b2-0,kept,,,whitespace_normalized
train-7d9bb2b0b214-0,kept,,,
train-7fa21918314b-0,kept,,,boilerplate_removed
train-d3a0b14129c7-0,kept,,,whitespace_normalized
train-6f660c68de2d-0,removed,null_question,,
train-3244a923ab3a-0,kept,,,html_removed
train-5998ba22774a-0,kept,,,unicode_normalized
train-ea105607f85b-0,kept,,,html_removed;whitespace_normalized
train-8cadf18e59ce-0,kept,,,
train-2915ce4420c3-0,kept,,,html_removed;unicode_normalized
train-265aa7b94007-0,kept,,,
train-881a795a1295-0,kept,,,
train-c70a8b6016c1-0,kept,,,whitespace_normalized
train-1d8d1b6f0268-0,kept,,,
train-0e95074161b6-0,kept,,,
train-d2d78d7397ed-0,kept,,,
train-56cb0d4be712-0,removed,too_short_answer,,
train-d59d131ffb9d-0,kept,,,
train-576b15fdac54-0,kept,,,whitespace_normalized
train-932cac3cf153-0,kept,,,boilerplate_removed
train-b145337613f5-0,kept,,,
train-dbdf4b6d9cc9-0,removed,null_answer,,
train-0ac90aff4cd7-1,removed,exact_duplicate_qa_pair,train-0ac90aff4cd7-0,
train-f6cb1a092ada-0,kept,,,
train-4e106ec91268-0,kept,,,
train-954d4ee41c43-0,removed,too_short_answer,,
train-56335aea8f3a-0,kept,,,
train-03352d9ba32a-0,kept,,,
train-b4203055f091-0,kept,,,html_removed
train-10f155213a55-0,kept,,,
train-bb6b79f20eed-0,kept,,,whitespace_normalized
train-23353c4a7c30-0,kept,,,whitespace_normalized
train-084f63f75ea1-2,removed,exact_duplicate_qa_pair,train-084f63f75ea1-0,
train-a2c402b83dff-0,kept,,,
train-c9b6ffbad16f-0,removed,null_question_and_answer,,
train-9f45511bda44-0,kept,,,
train-8d807b6521a1-0,kept,,,html_removed
train-cfd1c7791f35-0,removed,normalized_duplicate_qa_pair,train-2c83312c3523-0,
train-79b88b7749c9-0,kept,,,
train-329880721d6d-0,kept,,,boilerplate_removed
train-2738874b6f95-0,kept,,,boilerplate_removed;html_removed;whitespace_normalized
train-6594ebce910d-2,removed,exact_duplicate_qa_pair,train-6594ebce910d-0,whitespace_normalized
train-f84550f699b6-0,removed,normalized_duplicate_qa_pair,train-d2d78d7397ed-0,html_removed;whitespace_normalized
train-bd720d4df105-0,kept,,,whitespace_normalized
train-a006a0d64616-0,kept,,,
train-5f79d39e199e-0,kept,,,
train-7c7dd945506a-0,kept,,,html_removed
train-93485ce05eef-0,removed,null_question,,
train-9ac6ca6ba8e3-0,kept_flagged,semantic_near_duplicate_question,,
train-0ce65cb0dd92-0,kept,,,html_removed;unicode_normalized
train-6f4ff4b18ae9-1,removed,exact_duplicate_qa_pair,train-6f4ff4b18ae9-0,boilerplate_removed;whitespace_normalized
train-039825909944-0,removed,null_answer,,
train-8f1d3669d05f-0,removed,normalized_duplicate_qa_pair,train-b474dfbeac8c-0,boilerplate_removed
train-ebdd98edcdc5-0,kept,,,whitespace_normalized
train-7c83860d0b0d-0,removed,normalized_duplicate_qa_pair,train-07915fcbf997-0,
train-9caa36e36df7-0,removed,normalized_duplicate_qa_pair,train-bd720d4df105-0,whitespace_normalized
train-fc51cbb9cadc-0,kept_flagged,semantic_near_duplicate_question,,boilerplate_removed
train-00c1ab1aa53d-2,removed,exact_duplicate_qa_pair,train-00c1ab1aa53d-0,
train-785e1cf10bc1-0,kept,,,html_removed
train-63114c2efb72-1,removed,exact_duplicate_qa_pair,train-63114c2efb72-0,whitespace_normalized
train-e429dcf52464-0,kept,,,unicode_normalized;whitespace_normalized
train-af142cdb776a-0,kept,,,
train-eed29a1ca48a-0,removed,normalized_duplicate_qa_pair,train-b07b718962ca-0,unicode_normalized
train-4573a876de59-0,kept,,,whitespace_normalized
train-d33945f81d7c-0,kept,,,
train-f0524a83aaa9-0,kept,,,boilerplate_removed;whitespace_normalized
train-29464ab60295-0,removed,too_short_answer,,
train-dd9b78330dcb-0,kept,,,
train-2e5b7f03624f-0,removed,normalized_duplicate_qa_pair,train-3ad89a5e494c-0,whitespace_normalized
train-7a7914b9ff9b-1,removed,exact_duplicate_qa_pair,train-7a7914b9ff9b-0,
train-972a529880fc-1,removed,exact_duplicate_qa_pair,train-972a529880fc-0,boilerplate_removed
train-a996d6a7d527-1,removed,exact_duplicate_qa_pair,train-a996d6a7d527-0,whitespace_normalized
train-74eefe470c13-1,removed,exact_duplicate_qa_pair,train-74eefe470c13-0,html_removed
train-74eefe470c13-2,removed,exact_duplicate_qa_pair,train-74eefe470c13-0,html_removed
train-b58c0264dccd-0,kept,,,
train-a2d612a18447-0,kept,,,
train-fc2e51e633cc-0,kept,,,
train-c6b448e2525e-0,kept,,,boilerplate_removed;whitespace_normalized
train-e7d31438bdce-0,removed,malformed_question,,
train-604c0c117829-0,kept,,,
train-6fec4eca472b-1,removed,exact_duplicate_qa_pair,train-6fec4eca472b-0,
train-04e2170b355e-0,kept,,,
train-df28040ec1ab-0,removed,null_answer,,
train-15f7a5b92bd3-0,kept,,,boilerplate_removed
train-932e68b63aea-0,kept,,,
train-4583154513a2-0,kept,,,boilerplate_removed
train-251e7c13bded-0,removed,normalized_duplicate_qa_pair,train-0461a0224ec0-0,unicode_normalized;whitespace_normalized
train-392b0ea67faf-0,kept,,,whitespace_normalized
train-82e2ccd97f40-0,kept,,,boilerplate_removed
train-15f7a5b92bd3-1,removed,exact_duplicate_qa_pair,train-15f7a5b92bd3-0,boilerplate_removed
train-2f227e0d5c4e-0,removed,normalized_duplicate_qa_pair,train-0760e3ee705e-0,boilerplate_removed
train-ccd04e803c8a-0,removed,normalized_duplicate_qa_pair,train-d7b44599879c-0,
train-62737771d33b-0,kept,,,unicode_normalized
train-4b76bbcd5f19-0,kept,,,boilerplate_removed;unicode_normalized
train-7f998ec8fd77-0,kept,,,whitespace_normalized
train-1a606ceba636-0,kept,,,boilerplate_removed
train-75410390bf5e-0,kept,,,
train-3283ff340995-0,kept,,,
train-5da4d101c17d-1,removed,exact_duplicate_qa_pair,train-5da4d101c17d-0,
train-2fa868861ae4-0,kept,,,html_removed
train-cfd782aa87c0-0,kept,,,
train-3c603b8fedd2-1,removed,exact_duplicate_qa_pair,train-3c603b8fedd2-0,html_removed
train-3e809ed85ab9-0,removed,normalized_duplicate_qa_pair,train-dcd0162e0bd9-0,whitespace_normalized
train-90171b5dba2e-2,removed,exact_duplicate_qa_pair,train-90171b5dba2e-0,unicode_normalized
train-90ee9c6adcb8-0,kept,,,
train-2e37d68a3c4d-0,kept_flagged,same_question_different_answer,,
train-e20d252c348b-0,removed,empty_answer,,html_removed
train-53d62ff439e8-0,kept,,,boilerplate_removed;whitespace_normalized
train-e4cff3037aee-0,kept_flagged,same_question_different_answer,,html_removed;unicode_normalized;whitespace_normalized
train-443ac640194e-0,kept,,,unicode_normalized
train-64618098f757-0,kept,,,
train-3db4f79111fc-0,kept,,,html_removed;unicode_normalized
train-027f81432ab6-0,kept,,,
train-d86be0f0a78b-0,removed,null_answer,,
train-9d741c1f1fb3-2,removed,exact_duplicate_qa_pair,train-9d741c1f1fb3-0,
train-dcd0162e0bd9-2,removed,exact_duplicate_qa_pair,train-dcd0162e0bd9-0,
train-3bfc4d7d413e-0,kept,,,boilerplate_removed;html_removed
train-e80452d633dc-0,kept,,,
train-7b1de133e56e-0,removed,normalized_duplicate_qa_pair,train-063f141a0b8e-0,boilerplate_removed;whitespace_normalized
train-b639167c2aff-0,kept,,,whitespace_normalized
train-d91e43f5dc19-0,kept_flagged,semantic_near_duplicate_question,,html_removed
train-2dce8f0931cd-0,kept,,,
train-36bd9a2bd404-0,removed,normalized_duplicate_qa_pair,train-2738874b6f95-0,boilerplate_removed;html_removed
train-b64ba3335f29-0,kept,,,
train-8eeabc86b84f-0,kept,,,
train-d57ddd22b6a7-2,removed,exact_duplicate_qa_pair,train-d57ddd22b6a7-0,html_removed
train-d4bbb789b0a8-0,kept,,,
train-437a182af764-0,removed,empty_answer,,html_removed
train-7f439428b4b8-2,removed,exact_duplicate_qa_pair,train-7f439428b4b8-0,
train-77afb188a349-0,kept,,,
train-a096b683d4aa-1,removed,exact_duplicate_qa_pair,train-a096b683d4aa-0,
train-e69522bf9f5b-0,removed,normalized_duplicate_qa_pair,train-dc0dad7267af-0,
train-5071e27faa52-0,kept,,,whitespace_normalized
train-171457223f91-0,kept_flagged,same_question_different_answer,,
train-924ac843ffc4-0,kept_flagged,same_question_different_answer,,
train-ca68c978db20-0,kept_flagged,same_question_different_answer,,whitespace_normalized
train-4c1a6a1051d4-0,kept_flagged,semantic_near_duplicate_question,,
train-219c80a6484e-0,kept,,,
train-c129cc84336d-0,kept,,,
train-3e95b6c0ce2c-0,kept,,,
train-e444fe3b3586-0,kept,,,whitespace_normalized
train-0271898925ee-0,removed,normalized_duplicate_qa_pair,train-d3a0b14129c7-0,whitespace_normalized
train-da565e79d6d7-0,kept,,,unicode_normalized
train-3c603b8fedd2-2,removed,exact_duplicate_qa_pair,train-3c603b8fedd2-0,html_removed
train-8766564b240e-0,removed,empty_answer,,html_removed
train-a0fa9dca372e-0,kept,,,boilerplate_removed
train-b04ed275207d-0,kept,,,boilerplate_removed;html_removed
train-f8cb5d0ec955-0,kept,,,whitespace_normalized
train-1e3f0c32c4c6-0,kept,,,
train-695bfdded1a6-2,removed,exact_duplicate_qa_pair,train-695bfdded1a6-0,html_removed
train-97adcd6ddfe6-0,removed,null_question,,
train-df61271c0678-0,removed,normalized_duplicate_qa_pair,train-7e38c29c5379-0,html_removed;whitespace_normalized
train-f8fe7831281b-0,kept,,,html_removed;whitespace_normalized
train-cf8bd60d0f8d-0,kept,,,html_removed;whitespace_normalized
train-155933141b60-0,kept,,,
train-4a9c3b4a833e-0,kept,,,whitespace_normalized
train-9caa36e36df7-1,removed,exact_duplicate_qa_pair,train-9caa36e36df7-0,whitespace_normalized
train-fe523b23cdaf-0,removed,normalized_duplicate_qa_pair,train-b4203055f091-0,html_removed
train-4a600ee20308-0,kept,,,boilerplate_removed
train-3563b45bdbb1-0,kept,,,
train-aad1ce247bb7-0,kept,,,html_removed
train-48c8fb866f45-0,kept,,,whitespace_normalized
train-8df191e21632-0,removed,normalized_duplicate_qa_pair,train-f7657d24495d-0,
