q_key,a_key,question_id
can juvenile diabetes be prevented,there is currently no proven way to prevent type 1 diabetes consult a healthcare provider for more information,train-adcc075776bf-0
can juvenile diabetes be prevented,there is currently no proven way to prevent type 1 diabetes screening relatives for autoantibodies can identify people at high risk and the drug teplizumab may delay onset in some of them,train-924ac843ffc4-0
can you give me an overview of type 1 diabetes,type 1 diabetes is a common medical condition type 1 diabetes is an autoimmune disease in which the immune system destroys the insulin producing beta cells of the pancreas genetic susceptibility and possibly environmental triggers such as viral infections are thought to play a role type 1 diabetes often causes increased thirst frequent urination unexplained weight loss extreme hunger fatigue and blurred vision symptoms can develop quickly over a few weeks and some people first present with diabetic ketoacidosis type 1 diabetes is diagnosed with blood glucose tests such as fasting plasma glucose hba1c or a random glucose above 200 mg dl with symptoms autoantibody tests and c peptide levels help distinguish it from type 2 diabetes type 1 diabetes is treated with lifelong insulin therapy delivered by multiple daily injections or an insulin pump together with blood glucose monitoring carbohydrate counting and regular exercise there is currently no proven way to prevent type 1 diabetes screening relatives for autoantibodies can identify people at high risk and the drug teplizumab may delay onset in some of them living with type 1 diabetes usually involves a long term partnership with a healthcare team regular follow up visits allow the treatment plan to be adjusted side effects to be identified early and complications to be screened for patients are encouraged to keep a written record of their symptoms medications and questions for each appointment and to ask about reliable sources of education and local support groups family members can also benefit from learning about the condition any sudden worsening of symptoms should prompt urgent medical review rather than waiting for the next scheduled appointment,train-6c99ae2aaaee-0
can you give me an overview of type 1 diabetes,type 1 diabetes is a common medical condition type 1 diabetes is an autoimmune disease in which the immune system destroys the insulin producing beta cells of the pancreas genetic susceptibility possibly environmental triggers such as viral infections are thought to play a role type 1 diabetes often causes increased thirst frequent urination unexplained weight loss extreme hunger fatigue and blurred vision symptoms can develop quickly over a few weeks and some people first present with diabetic ketoacidosis type 1 diabetes is diagnosed with blood glucose tests such as fasting plasma glucose hba1c or a random glucose above 200 mg dl with symptoms autoantibody tests and c peptide levels help distinguish it from type 2 diabetes type 1 diabetes is treated with lifelong insulin therapy delivered by multiple daily injections or an insulin pump together with blood glucose monitoring carbohydrate counting and regular exercise there is currently no proven way to prevent type 1 diabetes screening relatives for autoantibodies can identify people at high risk and the drug teplizumab may delay onset in some of them living with type 1 diabetes usually involves a long term partnership with a healthcare team regular follow up visits allow the treatment plan to be adjusted side effects to be identified early and complications to be screened for patients are encouraged to keep a written record of their symptoms medications and questions for each appointment and to ask about reliable sources of education and local support groups family members can also benefit from learning about the condition any sudden worsening of symptoms should prompt urgent medical review rather than waiting for the next scheduled appointment,train-e4cff3037aee-0
explain chronic obstructive pulmonary disease in detail,copd is a common medical condition copd is mainly caused by long term cigarette smoking occupational dust chemicals indoor smoke from cooking fuels and the genetic condition alpha 1 antitrypsin deficiency also contribute copd causes a chronic cough with mucus shortness of breath that worsens with activity wheezing and frequent chest infections symptoms progress slowly over years copd is diagnosed by spirometry showing a post bronchodilator fev1 fvc ratio below 0 70 in a person with symptoms and risk factors chest imaging helps exclude other conditions copd treatment includes stopping smoking long acting bronchodilators lama and laba inhalers pulmonary rehabilitation vaccinations and oxygen therapy for people with low blood oxygen the best way to prevent copd is never to smoke or to quit smoking and to reduce exposure to occupational dust fumes and indoor air pollution living with copd usually involves a long term partnership with a healthcare team regular follow up visits allow the treatment plan to be adjusted side effects to be identified early and complications to be screened for patients are encouraged to keep a written record of their symptoms medications and questions for each appointment and to ask about reliable sources of education and local support groups family members can also benefit from learning about the condition any sudden worsening of symptoms should prompt urgent medical review rather than waiting for the next scheduled appointment,train-8f2038c0902b-0
explain chronic obstructive pulmonary disease in detail,copd is a common medical condition copd is mainly caused by long term cigarette smoking occupational dust and chemicals indoor smoke from cooking fuels and the genetic condition alpha 1 antitrypsin deficiency also contribute copd causes a chronic cough with mucus shortness of breath that worsens with activity wheezing and frequent chest infections symptoms progress slowly over years copd is diagnosed by spirometry showing a post bronchodilator fev1 fvc ratio below 0 70 in a person with symptoms and risk factors chest imaging helps exclude other conditions copd treatment includes stopping smoking long acting bronchodilators lama and laba inhalers pulmonary rehabilitation vaccinations and oxygen therapy for people with low blood oxygen the best way to prevent copd is never to smoke or to quit smoking and to reduce exposure to occupational dust fumes and indoor air pollution living with copd usually involves a long term partnership with a healthcare team regular follow up visits allow the treatment plan to be adjusted side effects to be identified early and complications to be screened for patients are encouraged to keep a written record of their symptoms medications and questions for each appointment and to ask about reliable sources of education and local support groups family members can also benefit from learning about the condition any sudden worsening of symptoms should prompt urgent medical review rather than waiting for the next scheduled appointment,train-9913128a4ff7-0
how can migraine be prevented,migraine frequency can be reduced by keeping a headache diary regular sleep and meals staying hydrated managing stress and avoiding identified triggers,train-2e37d68a3c4d-0
how can migraine be prevented,migraine frequency can be reduced by keeping a headache diary regular sleep and meals staying hydrated managing stress and avoiding identified triggers consult a healthcare provider for more information,train-171457223f91-0
how do i prevent psoriasis,psoriasis flares can be reduced by moisturizing the skin managing stress avoiding skin injury limiting alcohol and not smoking consult a healthcare provider for more information,train-141945a97d8d-0
how do i prevent psoriasis,psoriasis flares can be reduced by moisturizing the skin managing stress avoiding skin injury limiting alcohol and not smoking,train-825518900464-0
which test shows if i have constant worrying,generalized anxiety disorder is diagnosed by a clinician using dsm 5 criteria often supported by the gad 7 questionnaire after excluding medical causes such as hyperthyroidism consult a healthcare provider for more information,train-de4b2e997902-0
which test shows if i have constant worrying,generalized anxiety disorder is diagnosed by a clinician using dsm 5 criteria often supported by the gad 7 questionnaire after excluding medical causes such as hyperthyroidism,train-ca68c978db20-0
